[
    {
        "description": "Fernet Branca",
        "volume": 1000,
        "pic": "fernet-branca-1000.jpg"
    },
    {
        "description": "Beefeater 24 Dry Gin",
        "volume": 700,
        "pic": "gin-beefeater-24-700.jpg"
    },
    {
        "description": "Beefeater Dry Gin",
        "volume": 750,
        "pic": "gin-beefeater-750.jpeg"
    },
    {
        "description": "Bombay Dry Gin",
        "volume": 700,
        "pic": "gin-bombay-700.jpg"
    },
    {
        "description": "Tanqueray Dry Gin",
        "volume": 700,
        "pic": "gin-tanqueray-700.jpg"
    },
    {
        "description": "Jagermeister",
        "volume": 750,
        "pic": "licor-jagermeister-classic-750.jpg"
    },
    {
        "description": "Jagermeister Spice",
        "volume": 700,
        "pic": "licor-jagermestier-spice-700.jpg"
    },
    {
        "description": "Ron Barceló añejo",
        "volume": 750,
        "pic": "ron-barcelo-aniejo-750.jpg"
    },
    {
        "description": "Ron Havana Club 7 años",
        "volume": 750,
        "pic": "ron-havana-club-7-anios-750.jpg"
    },
    {
        "description": "Ron Havana Club añejo",
        "volume": 750,
        "pic": "ron-havana-club-aniejo-750.jpg"
    }
]